<?xml version="1.0" encoding="utf-8"?>
<facultyDiary>
    <contact
        type="faculty"
        name="Nilanjan Banerjee"
        position="Lecturer"
        office="IT Room 302"
        email="oyier@itc.jkuat.ac.ke"
        phone="999999999"
        office_hour="10-11am Mon, Thursday">
        <course name="Mobile Computing" courseCode="BIT 2223"/>
        <course name="Artificial Intelligence" courseCode="BIT 2319"/>
    </contact>



    <events>
        <event
            type="class"
            time="1:00-3:00pm"
            day="Tuesdays"
            note="Class Database" />
        <event
            type="appointment"
            time="3:00-5:00pm"
            day="Wednesdays"
            note="Project Students" />
    </events>

    <courses>
        <courseItem
            courseCode="2206"
            courseTitle="Introduction to Database Systems"
            contactHours="45"
            days="Tuesdays"
            time="1:00-3:00pm" />
        <courseItem
            courseCode="2210"
            courseTitle="Operating Systems"
            contactHours="45"
            days="Wednesdays"
            time="10:00-12:00pm" />
    </courses>

    <news>
        <newsItem
            title="HCII 2021"
            keyword="HCII Conference 2021"
            highlights="Virtual Conference" />
        <newsItem
            title="Grant Awarded"
            keyword="Research Grant"
            highlights="Received a grant for AI research" />
    </news>
</facultyDiary>